Objet,Commentaire
way 10104913
way 10158873
way 10158874
way 10158875
way 10158877
way 10158878
way 10158880
way 10158884
way 10158890
way 10158891
way 10158897
way 10158898
way 10158899
way 10158906
way 10268777
way 10268778
way 10270507
way 10270643
way 10270644
way 10270645
way 10274166
way 10354233
way 10354247
way 10417151
way 10417152
way 10538398
way 10538399
way 10639805
way 10639806
way 10639807
way 10639808
way 10639809
way 10639810
way 10639811
way 10639812
way 10639813
way 10639819
way 10639820
way 10639821
way 10639823
way 10644510
way 10644517
way 10644520
way 10644521
way 10644743
way 10644744
way 10644745
way 10644748
way 11858385
way 11858387
way 11947699
way 11948498
way 11949231
way 11950590
way 11951770
way 11954612
way 11968529
way 11968619
way 11968766
way 11968854
way 11968877
way 11968928
way 11969608
way 11969944
way 11969994
way 11970067
way 11970217
way 11970257
way 12552927
way 13251973
way 13252006
way 13252010
way 13252016
way 13252019
way 13252020
way 13252023
way 13252024
way 13252025
way 13252027
way 13252028
way 13252031
way 13252032
way 13252034
way 13252035
way 13252036
way 13252040
way 13252041
way 13252042
way 13252044
way 13252045
way 13252047
way 13289477
way 13289480
way 13289493
way 13719207
way 14336030
way 14336032
way 14336033
way 14336034
way 14336035
way 14336036
way 14336038
way 16282013
way 16282015
way 16282026
way 16355421
way 16355425
way 17346900
way 17346990
way 17347245
way 17347303
way 17347405
way 17347505
way 17347541
way 17356443
way 17356496
way 17548570
way 17548577
way 17548583
way 17548605
way 17548611
way 19723261
way 19750773
way 19750774
way 19750775
way 19752015
way 19752017
way 19752019
way 19752367
way 19752368
way 19752370
way 19752372
way 19753440
way 19754138
way 19754140
way 19754169
way 19781187
way 19781188
way 19781279
way 19781280
way 19781282
way 19781499
way 19781604
way 19781605
way 19781606
way 19781607
way 19781608
way 19781609
way 19781610
way 19781611
way 19781612
way 19781614
way 19781772
way 19791113
way 19987250
way 20670540
way 21560411
way 21560416
way 21560422
way 21560434
way 21560454
way 21560460
way 21560462
way 21560467
way 21560471
way 21560484
way 21560495
way 21560502
way 21560507
way 21560515
way 21560540
way 21560550
way 21596902
way 21609314
way 21610101
way 22381840
way 22662763
way 22745886
way 22745887
way 22745889
way 22745890
way 22745891
way 22745892
way 22745893
way 22745894
way 22745895
way 22745897
way 22745899
way 22745979
way 22745998
way 22745999
way 22746000
way 22746008
way 22746033
way 22746034
way 22746038
way 22879368
way 22885943
way 22894628
way 22908967
way 22937337
way 22937338
way 22937339
way 23036895
way 23057662
way 23057752
way 23057757
way 23057951
way 23058813
way 23083927
way 23107683
way 23107725
way 23107737
way 23108152
way 23108182
way 23108212
way 23108229
way 23108256
way 23108258
way 23108264
way 23108283
way 23108289
way 23108294
way 23108321
way 23108323
way 23115526
way 23115529
way 23115531
way 23115534
way 23115537
way 23115553
way 23115556
way 23115572
way 23115573
way 23115581
way 23139810
way 23150634
way 23150725
way 23150728
way 23202403
way 23202481
way 23202482
way 23202483
way 23202484
way 23217189
way 23217190
way 23217195
way 23217196
way 23241487
way 23255664
way 23257964
way 23286088
way 23312309
way 23312310
way 23312311
way 23312313
way 23312505
way 23348420
way 23348421
way 23348432
way 23348433
way 23348435
way 23348436
way 23348437
way 23348438
way 23348439
way 23348441
way 23348442
way 23348443
way 23348444
way 23348445
way 23348449
way 23441240
way 23449018
way 23463791
way 23463797
way 23464133
way 23464212
way 23466709
way 23472618
way 23472645
way 23486711
way 23486714
way 23508937
way 23509071
way 23509133
way 23509290
way 23509655
way 23510339
way 23510340
way 23510341
way 23510673
way 23536202
way 23536203
way 23548608
way 23577906
way 23577909
way 23577915
way 23577921
way 23661035
way 23661036
way 23714179
way 23727322
way 23727356
way 23727370
way 23727836
way 23727837
way 23727838
way 23727839
way 23727840
way 23727841
way 23727843
way 23727845
way 23732747
way 23732756
way 23732764
way 23732774
way 23732898
way 23732901
way 23732942
way 23732950
way 23732967
way 23732970
way 23732975
way 23732988
way 23733040
way 23733130
way 23733178
way 23733275
way 23733297
way 23733332
way 23733369
way 23733398
way 23733415
way 23739819
way 23739829
way 23739847
way 23739857
way 23739927
way 23739935
way 23739940
way 23739963
way 23739979
way 23739983
way 23740004
way 23740081
way 23740146
way 23740540
way 23757833
way 23759301
way 23759334
way 23759347
way 23759380
way 23764221
way 23784488
way 23789820
way 23791674
way 23791702
way 23805381
way 23823959
way 23824102
way 23824134
way 23839478
way 23875861
way 23875890
way 23875932
way 23875961
way 23876509
way 23876551
way 23876559
way 23876568
way 23876570
way 23876574
way 23876605
way 23876625
way 23876633
way 23876649
way 23876670
way 23879441
way 23884685
way 23884692
way 23884694
way 23884882
way 23884883
way 23884884
way 23884886
way 23884887
way 23884888
way 23884890
way 23884891
way 23884892
way 23884894
way 23884896
way 23884897
way 23884898
way 23884899
way 23884900
way 23884902
way 23884903
way 23884904
way 23894570
way 23894583
way 23894595
way 23894597
way 23894598
way 23894788
way 23898315
way 23898341
way 23898359
way 23898379
way 23900766
way 23900784
way 23900814
way 23907531
way 23909269
way 23911080
way 23911132
way 23911159
way 23911189
way 23911193
way 23911222
way 23911232
way 23911239
way 23911292
way 23911305
way 23911316
way 23911318
way 23913163
way 23935807
way 23935810
way 23935836
way 23960521
way 23960530
way 23960532
way 23960534
way 23960663
way 23960664
way 23960665
way 23960666
way 23960668
way 23960669
way 23960670
way 23960671
way 23960701
way 23960703
way 23960705
way 23970235
way 23986814
way 23988617
way 24002860
way 24002864
way 24002865
way 24002868
way 24002882
way 24002884
way 24002905
way 24011003
way 24011004
way 24017165
way 24017166
way 24060105
way 24060305
way 24060306
way 24060318
way 24062837
way 24062868
way 24063488
way 24146698
way 24146935
way 24151199
way 24151205
way 24154682
way 24154683
way 24154684
way 24154685
way 24155680
way 24215737
way 24215739
way 24215740
way 24215741
way 24215806
way 24218610
way 24218643
way 24230202
way 24253996
way 24253998
way 24278791
way 24278794
way 24278795
way 24278796
way 24278797
way 24278938
way 24278939
way 24280139
way 24285752
way 24286032
way 24286049
way 24286099
way 24286125
way 24286457
way 24286461
way 24286477
way 24312689
way 24312697
way 24314152
way 24314153
way 24314154
way 24348790
way 24348793
way 24348808
way 24348815
way 24351873
way 24361991
way 24364505
way 24402886
way 24402887
way 24404100
way 24441745
way 24441746
way 24441753
way 24441754
way 24441756
way 24442277
way 24442306
way 24448127
way 24448275
way 24448276
way 24448277
way 24482597
way 24511713
way 24511715
way 24511721
way 24511723
way 24511724
way 24511725
way 24511726
way 24511727
way 24511728
way 24511729
way 24511730
way 24511733
way 24511734
way 24511737
way 24511738
way 24511739
way 24511741
way 24511742
way 24511744
way 24511756
way 24526393
way 24526399
way 24526406
way 24526407
way 24526408
way 24527592
way 24527595
way 24537601
way 3134425
way 3134457
way 3134492
way 3134551
way 3134591
way 3134603
way 3134613
way 3135841
way 3135842
way 3135843
way 3135860
way 3135862
way 3137309
way 3160853
way 3163054
way 3163099
way 3163115
way 3163116
way 3163438
way 3163457
way 3185695
way 3186619
way 3186620
way 3232642
way 3500106
way 3500110
way 3510907
way 3511010
way 3511145
way 3511625
way 3511711
way 3549029
way 3549107
way 3549214
way 3618441
way 3618442
way 3618443
way 3625170
way 3625174
way 3625178
way 3625288
way 3625289
way 3625291
way 3625295
way 3625298
way 3625305
way 3625314
way 3625315
way 3625316
way 3625319
way 3625321
way 3625421
way 3625718
way 3625774
way 3625777
way 3625779
way 3625780
way 3625781
way 3625783
way 3625784
way 3625786
way 3625846
way 3629624
way 3629658
way 3631406
way 3631407
way 3689398
way 3977806
way 3977818
way 3977819
way 3977821
way 3977869
way 3989979
way 3989980
way 3989981
way 3989982
way 3989984
way 3992256
way 3993810
way 3993811
way 3993812
way 3993814
way 3993894
way 3999543
way 3999549
way 3999553
way 3999557
way 3999627
way 3999628
way 4015475
way 4015476
way 4085895
way 4157287
way 4159397
way 4204208
way 4204211
way 4303427
way 4349642
way 4349643
way 4349648
way 4349837
way 4352388
way 4352389
way 4352836
way 4443741
way 4470721
way 4470723
way 4471084
way 4471086
way 4536163
way 4536166
way 4536180
way 4540481
way 4551799
way 4566308
way 4566785
way 4587494
way 4587495
way 4605684
way 4605685
way 4605686
way 4605687
way 4624094
way 4624095
way 4629255
way 4639919
way 4640071
way 4640212
way 4640216
way 4640217
way 4640219
way 4640220
way 4640241
way 4640244
way 4640248
way 4679950
way 4683522
way 4683524
way 4700836
way 4703801
way 4748518
way 4749751
way 4749752
way 4749753
way 4749755
way 4749756
way 4749758
way 4778234
way 4778235
way 4778237
way 4779830
way 4779835
way 4779836
way 4798466
way 4798467
way 4798925
way 4798927
way 4798929
way 4799676
way 4799770
way 4799775
way 4799777
way 4799778
way 4799779
way 4807921
way 4807922
way 4807923
way 4807924
way 4807927
way 4813495
way 4813500
way 4813502
way 4813505
way 4813506
way 4813507
way 4813509
way 4813762
way 4813763
way 4818474
way 4851947
way 4851949
way 4851950
way 4856075
way 4871044
way 4871073
way 4871074
way 5024515
way 5024516
way 5028511
way 5028512
way 5028514
way 5028515
way 5028516
way 5028517
way 5064800
way 5064802
way 5064803
way 5064804
way 5064805
way 5064808
way 5064809
way 5064810
way 5064813
way 5064814
way 5064816
way 5064817
way 5064818
way 5064819
way 5064821
way 5064822
way 5064823
way 5067484
way 5070724
way 5070727
way 5070744
way 5070745
way 5070813
way 5070816
way 5070818
way 5070819
way 5070820
way 5070824
way 5070827
way 5070829
way 5070832
way 5117915
way 5117916
way 5117919
way 5117920
way 5117922
way 5117923
way 5117927
way 5117931
way 5135359
way 5135360
way 5183490
way 5183494
way 5183496
way 5183497
way 5183498
way 5183500
way 5191961
way 5191965
way 5191966
way 5191967
way 5191971
way 5217645
way 5250115
way 5250119
way 5250876
way 5250903
way 5250910
way 5253969
way 5254569
way 5254574
way 5254576
way 5254578
way 5254579
way 5254584
way 5254588
way 5254590
way 5254592
way 5254596
way 5254597
way 5254600
way 5254602
way 5254605
way 5254606
way 5254626
way 5254629
way 5254630
way 5254631
way 5254635
way 5254636
way 5254641
way 5260449
way 5260451
way 5260452
way 5891341
way 5891343
way 5891344
way 5891349
way 5891350
way 5901773
way 5901778
way 5901781
way 5901783
way 5953033
way 6247717
way 6247723
way 6247724
way 6247725
way 6247726
way 6247730
way 6270654
way 6270656
way 6270658
way 6270660
way 6270661
way 6270670
way 6270672
way 6281975
way 6282006
way 6282031
way 6282139
way 6282206
way 6282300
way 6282420
way 6282430
way 6282595
way 6282596
way 6282597
way 6282598
way 6282600
way 6282602
way 6282603
way 6282604
way 6282605
way 6282606
way 6819804
way 6819946
way 6820545
way 6820693
way 6901966
way 6909069
way 6909305
way 7652123
way 7748729
way 7750132
way 7930533
way 7930536
way 7930538
way 7930540
way 7953498
way 7953533
way 7955531
way 7997222
way 7997224
way 7997225
way 7997227
way 7997228
way 8038882
way 8159429
way 8159431
way 8159433
way 8159435
way 8431381
way 8431383
way 8431384
way 8431385
way 8431388
way 8438117
way 8465387
way 8591130
way 8591144
way 8880948
way 9173939
way 9174152
way 9174154
way 9325846
way 9325848
way 9325850
way 9325851
way 9325853
way 9325856
way 9325859
way 9331957
way 9331961
way 9393080
way 9398550
way 9398551
way 9398555
way 9546354
way 9546355
way 9546356
way 9554150
way 9554151
way 9554160
way 9554165
way 9554166
way 9556228
way 9558539
way 9565698
way 9565701
way 9568616
way 9662606
way 9673512
way 9673513
way 9673514
way 9673515
way 9673522
way 9673524
way 9673526
way 9673528
way 9894333
way 9894435
way 9937322
way 33711330
way 27692052
way 35342062
way 33711319
way 53014767
way 35342060
way 33710281
way 39985145
way 33711326
way 53014763
way 33711325
way 24650544
way 38321152
way 27366504
way 27366507
way 38321154
way 24650546
way 27366506
way 43944914
way 27366509
way 27254611
way 27366508
way 43944851
way 27254609
way 27366510
way 38318232
way 38317272
way 38318233
way 27367280
way 24650538
way 9565698
way 24650539
way 24635043
way 9565701
way 24650540
way 27377271
way 24650542
way 24650543
way 27377273
way 39509058
way 39509056
way 39509057
way 34007709
way 43944834
way 38318231
way 39509051
way 39509048
way 25206307
way 39509054
way 25206308
way 39509055
way 25206309
way 25206310
way 39509052
way 40508428
way 39509053
way 25203500
way 9393080
way 43944868
way 24526407
way 25372229
way 24526406
way 24017166
way 24527592
way 24017165
way 24526408
way 25372230
way 24547128
way 24527595
way 24526399
way 42927205
way 24312697
way 26197724
way 49708869
way 28908504
way 47844144
way 34956792
way 26197723
way 28908503
way 24545606
way 24314152
way 24547351
way 48409078
way 27376277
way 26197721
way 29052237
way 25202972
way 50293755
way 25202967
way 49708870
way 28908505
way 24545608
way 29052236
way 47999833
way 24314154
way 25202971
way 25942538
way 26222135
way 25202951
way 26375642
way 24155678
way 24526393
way 25202959
way 25942843
way 25943130
way 24545607
way 25942842
way 24545604
way 24545605
way 57680649
way 25942869
way 26370971
way 24415793
way 27375718
way 55868316
way 25950467
way 24545599
way 55868318
way 24348793
way 24545593
way 25201938
way 55868352
way 25201942
way 26197401
way 25940369
way 25940368
way 25497374
way 26370959
way 10417152
way 10417151
way 4566308
way 26558135
way 24635025
way 24635024
way 34957310
way 25942823
way 57680221
way 26558136
way 25398513
way 26370982
way 30156536
way 30156537
way 40033748
way 40033749
way 24635022
way 30156534
way 24348808
way 24348815
way 25202943
way 25398518
way 26197395
way 25398517
way 24441756
way 40032958
way 7953533
way 7955531
way 25398515
way 24441754
way 24441753
way 5253969
way 24312689
way 24348790
way 4352836
way 5250903
way 4349642
way 4349643
way 5250910
way 5254592
way 57680224
way 4349648
way 57680226
way 57680227
way 5250115
way 5254596
way 57680228
way 5254597
way 5250119
way 5254600
way 5254602
way 5254605
way 5254606
way 5254641
way 4536166
way 4536163
way 23548608
way 33644970
way 4536180
way 5254626
way 5254629
way 5254630
way 5254631
way 30156539
way 5254635
way 5254636
way 26377391
way 55868309
way 24545588
way 40032801
way 4352388
way 4352389
way 5024516
way 24154682
way 24154683
way 24154684
way 24154685
way 5024515
way 4349837
way 5028511
way 5254576
way 5254578
way 5254579
way 24441745
way 24441746
way 5028516
way 5254584
way 5028517
way 33642218
way 5028512
way 40032654
way 5254588
way 5250876
way 5254590
way 5028514
way 5028515
way 40032658
way 33642224
way 5260449
way 5260451
way 55868327
way 56639124
way 5260452
way 5254569
way 40032795
way 3500110
way 5254574
way 40032613
way 4624094
way 4551799
way 4807924
way 4540481
way 4807923
way 4700836
way 4587495
way 4807927
way 4807922
way 4587494
way 4624095
way 3500106
way 4807921
way 5064821
way 29382361
way 6247724
way 5064802
way 6270661
way 54517096
way 27173138
way 5064816
way 8159431
way 6270656
way 52160712
way 6270670
way 5070818
way 34727117
way 5070744
way 5070832
way 8159435
way 6247723
way 6270660
way 54517095
way 5070827
way 5064810
way 24215737
way 5064805
way 26225568
way 53819758
way 5064819
way 3618443
way 5064800
way 5064814
way 41345895
way 8159429
way 6247717
way 24215741
way 5064809
way 5070816
way 5064823
way 45243209
way 6247726
way 5064804
way 27173140
way 5064818
way 8159433
way 3618442
way 6270658
way 5070813
way 5064813
way 6270672
way 27388314
way 38785903
way 24215740
way 5070820
way 6247730
way 5064808
way 5070727
way 5064822
way 6247725
way 5064803
way 27173139
way 5070829
way 32148607
way 40600396
way 5064817
way 24215806
way 3618441
way 5070824
way 24215739
way 5070819
way 6270654
way 5070745
way 32148608
way 5070724
way 49809870
way 49809869
way 25529791
way 43471569
way 42434490
way 37870036
way 33265047
way 7997224
way 5183496
way 43482686
way 25474854
way 38912874
way 25529790
way 29242465
way 7997228
way 5183500
way 42434489
way 33265046
way 25474853
way 27907922
way 5183490
way 29242464
way 28042716
way 7997227
way 33265045
way 7997222
way 5183494
way 25474852
way 27907921
way 8038882
way 38912872
way 25529788
way 5183498
way 27932211
way 4703801
way 38912871
way 25474834
way 6909069
way 27932277
way 7997225
way 5183497
way 6909305
way 44356864
way 6901966
way 10354233
way 9174152
way 35220860
way 25354114
way 33265036
way 9173939
way 6819946
way 23986814
way 33265035
way 10354247
way 6819804
way 9174154
way 23988617
way 8880948
way 6820545
way 6820693
way 6282206
way 3625846
way 52285150
way 6282139
way 45204533
way 49801264
way 6282006
way 3510907
way 52461679
way 5067484
way 7930536
way 36730209
way 7930538
way 7930540
way 39673035
way 39673034
way 3989984
way 7930533
way 3511145
way 3989980
way 3625174
way 3989981
way 3989982
way 6282300
way 3989979
way 49708894
way 6281975
way 35922316
way 49801310
way 49801306
way 48065138
way 6282031
way 3977869
way 41924678
way 52285152
way 45204526
way 41921241
way 6282600
way 3977821
way 6282595
way 3993811
way 3163457
way 35585175
way 39122183
way 37797648
way 48065134
way 6282604
way 3977806
way 38433264
way 4085895
way 3993810
way 3993894
way 6282603
way 40414353
way 41387075
way 3625170
way 38772462
way 6282598
way 3993814
way 38433263
way 3977819
way 7748729
way 45204528
way 35585173
way 6282602
way 41387074
way 6282597
way 38433262
way 3977818
way 42736389
way 3625178
way 6282606
way 7750132
way 45204527
way 35585172
way 6282596
way 3993812
way 37836705
way 6282605
way 3160853
way 3137309
way 41387077
way 41921234
way 6282430
way 3511010
way 6282420
way 41921233
way 41921232
way 3999549
way 45394492
way 34634138
way 3186619
way 3186620
way 3629624
way 45394491
way 44448574
way 44448575
way 3163438
way 3134603
way 3549214
way 3185695
way 41387079
way 3134492
way 3134613
way 9937322
way 34001336
way 41387080
way 3625718
way 35820518
way 44000212
way 3135843
way 44000211
way 3135842
way 3135841
way 3625319
way 3134591
way 3625316
way 3625315
way 3625314
way 3134457
way 3135862
way 3135860
way 3625321
way 3625298
way 38331566
way 34298092
way 50300821
way 3625305
way 7652123
way 4204208
way 4204211
way 3134425
way 3625295
way 3134551
way 3999557
way 3625421
way 3992256
way 3625291
way 3511625
way 3999553
way 34766830
way 3625289
way 3625288
way 50300800
way 4749751
way 3625783
way 50300798
way 19987250
way 3625781
way 3625780
way 3625779
way 34646037
way 3549107
way 3625777
way 50300789
way 3999543
way 3625786
way 3625784
way 3549029
way 38081105
way 4157287
way 3631407
way 3631406
way 3625774
way 3163116
way 36357877
way 39401073
way 54242066
way 3511711
way 35216885
way 54242071
way 3629658
way 35216887
way 35302837
way 4749752
way 3999628
way 4749753
way 41529416
way 3232642
way 4749755
way 35216876
way 35904918
way 3999627
way 4749758
way 35008682
way 41529415
way 4015475
way 42725845
way 27197492
way 38357801
way 4159397
way 3163054
way 27536647
way 3163099
way 41529434
way 34115511
way 38357800
way 3163115
way 27536646
way 35962588
way 35903627
way 46113502
way 27536645
way 28167463
way 43216211
way 38357798
way 35007861
way 38081099
way 4015476
way 27536644
way 35962586
way 3689398
way 38357802
way 35007865
way 46113500
way 41529435
way 26813721
way 35962592
way 35962593
way 38913945
way 38913944
way 26737758
way 25984005
way 25984006
way 26632476
way 25120685
way 26729486
way 41388013
way 41388012
way 41388011
way 23508218
way 41388010
way 43554885
way 43554886
way 33461025
way 26812414
way 26100263
way 26859445
way 26695609
way 25983996
way 25983997
way 43550122
way 26200763
way 25983992
way 42860345
way 26200762
way 25983993
way 42860344
way 25983994
way 25983995
way 26375973
way 26200757
way 25983990
way 26200756
way 25983991
way 26200754
way 8279489
way 26695912
way 53564592
way 26679060
way 26679069
way 26679068
way 53564602
way 26679066
way 26679109
way 26738373
way 26826954
way 17356443
way 40101430
way 40101428
way 17356496
way 26729487
way 26679054
way 26679053
way 26679051
way 26826951
way 53564591
way 26676272
way 23509133
way 26826933
way 26826996
way 26676281
way 23508937
way 26826984
way 26826920
way 4778235
way 4778237
way 26827052
way 27215977
way 26826927
way 27215975
way 26676270
way 26826981
way 26826983
way 26676265
way 26827046
way 26730902
way 28676528
way 28439991
way 45731506
way 38903898
way 23911292
way 30020568
way 23875961
way 41388143
way 24736102
way 24736089
way 26730934
way 23510340
way 23510341
way 28676497
way 23510339
way 26715583
way 29074833
way 23911239
way 24736085
way 23911232
way 28453790
way 23875932
way 54064898
way 24736057
way 17347405
way 25340357
way 23509290
way 28126197
way 23911222
way 23733040
way 17346900
way 23875890
way 52768581
way 34297963
way 23727370
way 34297966
way 34297964
way 24736018
way 45753034
way 34299001
way 31800214
way 29074894
way 23911193
way 34299006
way 45753036
way 28129754
way 34299004
way 23875861
way 23911189
way 29253063
way 24736003
way 34297968
way 25588216
way 10644517
way 27515178
way 10644520
way 10644521
way 23759334
way 23876605
way 25710879
way 23759347
way 27056385
way 27056387
way 28637995
way 23876559
way 17346990
way 27056436
way 23876551
way 23739847
way 23805381
way 4748518
way 23759301
way 27056429
way 4778234
way 23876574
way 23876568
way 9894435
way 23876570
way 34505911
way 17347505
way 23739857
way 10644510
way 53107092
way 23739819
way 10104913
way 28482430
way 25710919
way 23733178
way 29074787
way 17347541
way 23739829
way 23733130
way 23911305
way 45731408
way 23876509
way 4799676
way 28638019
way 27515739
way 23911316
way 27515738
way 23911318
way 27506338
way 28438192
way 27506337
way 39858538
way 23740004
way 28637883
way 28451517
way 49874921
way 29253294
way 29253295
way 23733369
way 23740540
way 45679523
way 10639806
way 10639807
way 24735844
way 10639805
way 23739979
way 29074585
way 23739983
way 23509071
way 35141939
way 9894333
way 29074581
way 47233507
way 23791702
way 23733332
way 29253248
way 52737126
way 23784488
way 52737127
way 23876649
way 24735792
way 23732774
way 23739940
way 23791674
way 41388326
way 23739963
way 28637926
way 41388325
way 23876670
way 4799770
way 28637927
way 27505911
way 4799775
way 23733297
way 24253998
way 26243278
way 24253996
way 10639810
way 10639811
way 23732747
way 10639808
way 10639809
way 10639812
way 10639813
way 4799777
way 10639819
way 4799779
way 4799778
way 10639823
way 10639820
way 10639821
way 23733275
way 4779835
way 4779836
way 23876633
way 23739935
way 23732764
way 48147369
way 27567832
way 28676297
way 23876625
way 23739927
way 4779830
way 23732756
way 23759380
way 23732970
way 45735227
way 26729492
way 23732975
way 45735230
way 5901778
way 23732967
way 5901783
way 24735991
way 5901781
way 24735980
way 23732988
way 23727356
way 5901773
way 23789820
way 23740146
way 24735968
way 28637742
way 23911159
way 23839478
way 27506748
way 24735965
way 28126217
way 23732942
way 10644743
way 28126216
way 17347245
way 28126218
way 10644744
way 24720594
way 10644745
way 28126211
way 10644748
way 23911132
way 23727322
way 28253214
way 28253212
way 28253210
way 27515419
way 23732950
way 29253246
way 29253244
way 24735930
way 23911080
way 27537507
way 29074556
way 27513963
way 23732898
way 23733415
way 27513965
way 27513964
way 23732901
way 27056206
way 29074537
way 26796107
way 27513978
way 23740081
way 27056252
way 10274166
way 17347303
way 23509655
way 23510673
way 27568211
way 28637774
way 23733398
way 39525978
way 39526938
way 40966832
way 40966898
way 40963573
way 40966646
way 40967609
way 27666351
way 40963618
way 27509168
way 40966885
way 45451503
way 40965677
way 51254633
way 40963481
way 10270644
way 39859656
way 51254630
way 51254631
way 10270645
way 51254628
way 40967771
way 51254629
way 39525751
way 24775511
way 40967455
way 10270643
way 40968387
way 10268777
way 39528174
way 10268778
way 10270507
way 40963465
way 40963853
way 24543511
way 26243426
way 57380092
way 24543512
way 25578702
way 25578699
way 25578902
way 25578899
way 25578707
way 25578704
way 51350807
way 59511442
way 25578904
way 59511443
way 59345069
way 51349802
way 59345068
way 59345071
way 51426615
way 24278938
way 24647952
way 24647953
way 24278939
way 24645906
way 51352484
way 51349796
way 24647947
way 25578933
way 24278791
way 24647950
way 24278794
way 24278795
way 51352115
way 51352114
way 24278796
way 25200639
way 24278797
way 25459841
way 25525261
way 33741581
way 25460565
way 25460566
way 25460958
way 25460953
way 25460954
way 25460955
way 25460964
way 25460966
way 25460967
way 30667248
way 25460960
way 25460962
way 25460333
way 25460973
way 25460334
way 25460335
way 33685929
way 25460968
way 33621420
way 25460969
way 25460970
way 25460971
way 33621425
way 25460340
way 25460341
way 25460150
way 33621426
way 25460151
way 25460336
way 25460337
way 25460339
way 25460153
way 25460025
way 25460026
way 25460154
way 25460027
way 41845086
way 25478852
way 41845087
way 25478853
way 41845084
way 25478854
way 25478855
way 25478851
way 26242423
way 25478508
way 25478860
way 25478509
way 25478510
way 25478511
way 25478856
way 25478857
way 25478512
way 25478513
way 25478514
way 25478515
way 34940877
way 34940879
way 34940878
way 23441240
way 38883090
way 41845642
way 27261811
way 27261810
way 27261809
way 27261808
way 27071598
way 32900345
way 35332538
way 33621536
way 23757833
way 39834423
way 33382612
way 39834421
way 33671403
way 39834420
way 35267158
way 34093604
way 33791150
way 33791149
way 35325099
way 41844270
way 35325098
way 33382607
way 33621554
way 33621202
way 35325102
way 33621591
way 38766900
way 33621533
way 34081549
way 34303885
way 34081550
way 25302408
way 32204283
way 32205563
way 32205561
way 32204281
way 34080666
way 32204280
way 27181834
way 27181835
way 26496770
way 34080671
way 34081552
way 32205555
way 34081553
way 34081555
way 32205559
way 32204279
way 34081556
way 32204278
way 34081558
way 32205557
way 32205131
way 34300715
way 34080680
way 34300714
way 32205130
way 32205129
way 34300713
way 34300712
way 32205128
way 32205125
way 34081848
way 34081851
way 34080689
way 26871971
way 32322897
way 32322770
way 34302797
way 32224928
way 24230202
way 32322877
way 38428055
way 34304746
way 33784288
way 32225037
way 53027551
way 26496867
way 34398092
way 34396877
way 34396878
way 34398088
way 34398089
way 34398090
way 34398091
way 34398085
way 34398080
way 34399425
way 34396892
way 34396893
way 34396894
way 34396888
way 34396889
way 34396890
way 34396891
way 34396884
way 34396885
way 34396887
way 34396881
way 34396883
way 34398636
way 34398637
way 34398638
way 34398639
way 34398633
way 34398635
way 34398076
way 34399421
way 34398077
way 34399422
way 34398078
way 34398079
way 34399423
way 34399416
way 34399417
way 34399418
way 34398074
way 34398075
way 34399419
way 34399414
way 34399415
way 34398640
way 34399409
way 34399410
way 34399411
way 39857058
way 39858530
way 39858531
way 42984966
way 36805176
way 44315048
way 43569749
way 39857711
way 39857712
way 42986522
way 49055220
way 42986518
way 32322294
way 38427094
way 39859133
way 39859134
way 39859136
way 39859137
way 39859138
way 25334245
way 39858311
way 42980453
way 43570996
way 32322397
way 32322389
way 30645097
way 39891164
way 30645103
way 40667920
way 25348486
way 27117976
way 38625860
way 32251367
way 48960254
way 48960253
way 44962996
way 59175324
way 44962994
way 32251376
way 44962995
way 32251336
way 27118005
way 27117998
way 39845976
way 32251348
way 27041242
way 30342537
way 48919203
way 48919206
way 5953033
way 27033589
way 44963012
way 32849284
way 33755764
way 49858176
way 38212668
way 49858171
way 27118873
way 27118360
way 49858173
way 49858174
way 50634124
way 50634125
way 27118871
way 27118862
way 27117831
way 55590861
way 55590862
way 38626002
way 27118906
way 30340965
way 27118384
way 30454654
way 27118375
way 30340976
way 38418571
way 49062952
way 49062953
way 51724250
way 27118925
way 26208606
way 45185120
way 45185122
way 49061944
way 49061945
way 49061943
way 27118403
way 51724287
way 26208610
way 45185119
way 51724261
way 51078649
way 51724257
way 51724256
way 30340402
way 51724265
way 27118237
way 51707409
way 51707411
way 27117716
way 27118740
way 27118733
way 25567383
way 51724289
way 51724288
way 51724291
way 51724290
way 26818177
way 27118212
way 27118727
way 25567387
way 26742971
way 49056715
way 27117751
way 49056711
way 38418278
way 27117743
way 51707430
way 4566785
way 27118808
way 5891344
way 5891349
way 5891350
way 27118285
way 30341278
way 51733060
way 5891341
way 26462406
way 26462405
way 5891343
way 26462404
way 27118277
way 26742979
way 26742982
way 30341290
way 30341289
way 49058178
way 30341310
way 27118831
way 27118319
way 26472679
way 27118825
way 27117801
way 20670540
way 22894628
way 26472681
way 26472680
way 27040992
way 45638968
way 27118108
way 49061742
way 49058158
way 49058152
way 48868205
way 48868204
way 48868207
way 30341188
way 40062959
way 48868217
way 49058173
way 48868219
way 40062960
way 49058175
way 48868218
way 44293431
way 48868220
way 8431381
way 49058171
way 8431383
way 8431384
way 8431385
way 49061749
way 48868208
way 49061750
way 49058166
way 48868211
way 27118598
way 49058160
way 8431388
way 48868213
way 49061745
way 48868215
way 49061747
way 48959307
way 48959306
way 42940718
way 42940716
way 48959304
way 42940715
way 33756071
way 42940714
way 33756068
way 23907531
way 48959299
way 48959298
way 48959296
way 48959303
way 48959302
way 48959301
way 48959300
way 27118638
way 42956109
way 26796634
way 50737859
way 42956105
way 30694930
way 30694931
way 42956102
way 30340608
way 48959295
way 30694926
way 42956116
way 42956115
way 42956114
way 42956113
way 42956112
way 27036798
way 38627241
way 27198074
way 38627242
way 27117684
way 38685605
way 25348719
way 26205310
way 26205309
way 26205307
way 26205306
way 26205305
way 27117674
way 26205304
way 53027541
way 53027540
way 53027543
way 54577984
way 51517722
way 24448127
way 27482414
way 23486711
way 27482421
way 27482424
way 23486714
way 27482431
way 9662606
way 27042621
way 27482497
way 27042744
way 26770237
way 24364505
way 38255467
way 27103794
way 24442306
way 24280139
way 51175473
way 10538398
way 10538399
way 27131359
way 26770268
way 27131349
way 27042774
way 27572341
way 38877315
way 38877954
way 27131342
way 38877956
way 38877959
way 38877319
way 38877958
way 38877318
way 38877963
way 38877962
way 54577947
way 25494107
way 27131331
way 49930265
way 24448277
way 24448276
way 24448275
way 27131387
way 38881981
way 27131372
way 24361991
way 27482455
way 23083927
way 25374200
way 27647905
way 27647906
way 27071121
way 27647912
way 40100723
way 33055716
way 38250586
way 38250584
way 33071323
way 44374662
way 28191368
way 53354505
way 33071313
way 28190852
way 23286088
way 28190848
way 28191902
way 28191900
way 25818047
way 28190866
way 33071288
way 28192749
way 28192745
way 25818049
way 25818048
way 25818051
way 25818050
way 25818053
way 25818052
way 54577934
way 33071287
way 25864154
way 54577943
way 31993525
way 37434214
way 37434213
way 54577960
way 38250028
way 27140851
way 27643850
way 41454856
way 41454857
way 24146698
way 33054852
way 49967481
way 30678359
way 38163397
way 28171050
way 23727843
way 23727840
way 23727841
way 28191013
way 23727845
way 28191806
way 30669122
way 9325853
way 37592233
way 9325850
way 9325851
way 9325848
way 9325846
way 38250206
way 54571998
way 54571999
way 54572001
way 54572002
way 38250468
way 27647745
way 27643648
way 32045889
way 32045890
way 30666104
way 9325859
way 38250218
way 9325856
way 28191516
way 24402886
way 24402887
way 28191517
way 23727838
way 50345396
way 28191514
way 23727839
way 28191512
way 23727836
way 23727837
way 54571263
way 40101027
way 49967674
way 37592319
way 48546337
way 37592315
way 30678300
way 30678302
way 30666008
way 25531470
way 30678297
way 44374385
way 28190842
way 24151205
way 25532252
way 30666034
way 28191309
way 38174624
way 22746034
way 22746033
way 24151199
way 30666020
way 49966595
way 28191316
way 30666025
way 28191317
way 28191314
way 27628379
way 27628378
way 23202403
way 23257964
way 17548570
way 23255664
way 21560411
way 27272372
way 24606818
way 22745979
way 26830522
way 21560416
way 17548577
way 42628513
way 21609314
way 17548583
way 44435080
way 21560422
way 22662763
way 33055438
way 17548605
way 56982610
way 21560434
way 21610101
way 56982619
way 30805143
way 22745887
way 23217190
way 30805138
way 22745886
way 22381840
way 30805136
way 23217189
way 30805137
way 17548611
way 30805151
way 23217195
way 30805148
way 44783840
way 25616589
way 30805144
way 23217196
way 44783867
way 16282026
way 25750494
way 30805134
way 30805133
way 30805130
way 12552927
way 16282013
way 48472196
way 16282015
way 23894788
way 8465387
way 22885943
way 25750499
way 24063488
way 22745899
way 25750520
way 25750521
way 22745897
way 25750522
way 33055630
way 22745891
way 22745890
way 22745889
way 22908967
way 22745895
way 22745894
way 22745893
way 22745892
way 32839031
way 4813763
way 21560515
way 4813762
way 5117919
way 5117916
way 5117915
way 16355425
way 8591130
way 19781772
way 27272450
way 16355421
way 5117931
way 25718829
way 24060105
way 5117927
way 33055570
way 8591144
way 5117922
way 5117923
way 5117920
way 21596902
way 33071177
way 33055562
way 33071169
way 27272473
way 33071171
way 22746008
way 21560460
way 33071165
way 21560462
way 22746000
way 21560454
way 23202482
way 23202483
way 44783736
way 23202481
way 22745999
way 22879368
way 22745998
way 23202484
way 21560467
way 23449018
way 23884685
way 42041955
way 54377178
way 21560495
way 32974366
way 56982670
way 21560484
way 22746038
way 48420876
way 24060318
way 21560507
way 56982687
way 24060306
way 21560502
way 24060305
way 48472349
way 48472348
way 4640071
way 25571719
way 27815599
way 31048393
way 31048392
way 26830991
way 26830990
way 28999586
way 23312505
way 28999584
way 28918690
way 29052071
way 29052070
way 31048391
way 4443741
way 29007257
way 27815563
way 28999582
way 28918684
way 28999580
way 26830526
way 23536203
way 29007255
way 23536202
way 25554101
way 25554102
way 27815839
way 28918657
way 28918658
way 28918660
way 25554104
way 25554107
way 25554106
way 28919291
way 41221938
way 28918769
way 28918771
way 4798467
way 4798466
way 5135360
way 26830536
way 37371755
way 29043177
way 26830539
way 29043176
way 26830538
way 26830540
way 28918767
way 29005794
way 29005792
way 27815923
way 29005798
way 28925924
way 26830535
way 29005796
way 4818474
way 29005790
way 28918750
way 4471084
way 28919248
way 4471086
way 27816131
way 43520502
way 28919255
way 28919754
way 28938190
way 9331961
way 25556733
way 9331957
way 25556734
way 28918725
way 25556731
way 26830873
way 27182878
way 23139810
way 4798925
way 4470721
way 26830879
way 4798927
way 28909630
way 4470723
way 4813505
way 4813507
way 27815714
way 4813506
way 4813509
way 27182863
way 4640212
way 23764221
way 4798929
way 4640220
way 4640219
way 4640216
way 4640217
way 4851947
way 27816971
way 28919325
way 4851950
way 22937337
way 22937339
way 4851949
way 22937338
way 28923919
way 26830881
way 29183237
way 25573182
way 29183236
way 25573183
way 26830883
way 25573180
way 25573181
way 29183233
way 28918789
way 25573178
way 28918788
way 25573179
way 29183235
way 28918648
way 25573188
way 25573184
way 25573185
way 31830319
way 27815778
way 31830318
way 28909687
way 4871044
way 27032653
way 41221542
way 23312311
way 27815805
way 23312310
way 23312309
way 27182920
way 25640031
way 23312313
way 27815538
way 46512158
way 30145815
way 25554791
way 9546354
way 25554790
way 8438117
way 4871074
way 4639919
way 4871073
way 27032690
way 24351873
way 4813500
way 4813502
way 23909269
way 9568616
way 28211285
way 27815764
way 29030215
way 28918596
way 4813495
way 45171891
way 52098329
way 45171892
way 26790814
way 25527689
way 32837624
way 23577921
way 24002884
way 24002882
way 29431277
way 26741166
way 24002905
way 26741167
way 24002860
way 29025778
way 23577909
way 26383814
way 27817981
way 23577906
way 39577090
way 24002868
way 23577915
way 24002864
way 24002865
way 39430714
way 25102614
way 26433529
way 39430707
way 25556969
way 33341840
way 25556970
way 28933578
way 26741229
way 9554150
way 25553919
way 25553918
way 28933572
way 28913607
way 28935984
way 27817791
way 28934446
way 4605686
way 25511733
way 25511732
way 4605687
way 4605684
way 25511735
way 4605685
way 25511734
way 30626151
way 25511729
way 25511731
way 25123272
way 25511730
way 30626155
way 30626154
way 25511740
way 30626152
way 25511737
way 25511736
way 25490745
way 25490746
way 25511739
way 30626156
way 25511738
way 25123263
way 25123260
way 14336030
way 25123259
way 25527117
way 39436944
way 28157796
way 25123252
way 25527113
way 39436948
way 25527115
way 25527114
way 38419102
way 39436942
way 25511261
way 25511260
way 25511263
way 25511262
way 25573210
way 25511269
way 25511268
way 9546355
way 25511271
way 25511265
way 25511264
way 45426256
way 9546356
way 25511267
way 25511266
way 28399429
way 28399428
way 14336034
way 14336035
way 14336032
way 45426255
way 14336033
way 14336038
way 28476083
way 13252040
way 23884904
way 28886717
way 23884900
way 23884903
way 28886707
way 23884896
way 23884897
way 23884898
way 23884899
way 49653221
way 28906667
way 28886692
way 28886694
way 5217645
way 27032766
way 23884892
way 23884894
way 23884888
way 23884890
way 23884891
way 25554098
way 23884884
way 23884886
way 23884887
way 23884882
way 23884883
way 4629255
way 30760599
way 4683524
way 4683522
way 44870116
way 4679950
way 5191967
way 38418715
way 5191966
way 5191965
way 5191961
way 25536210
way 24537647
way 27032770
way 24668688
way 5191971
way 24537625
way 24537606
way 38228278
way 30760615
way 38418744
way 24537601
way 25556732
way 24537612
way 24537608
way 27818027
way 25553921
way 23348449
way 25553920
way 10158878
way 10158877
way 28887095
way 25527829
way 27635249
way 23348420
way 23348421
way 27523081
way 10158897
way 10158891
way 23348436
way 10158890
way 23348437
way 5135359
way 27818009
way 23348438
way 4640244
way 43396900
way 23348439
way 23348432
way 23348433
way 27818013
way 23348435
way 4640241
way 23348444
way 27818000
way 23348445
way 27818001
way 23348441
way 23348442
way 4640248
way 23348443
way 10158884
way 24827069
way 52155093
way 24950445
way 33626582
way 30797837
way 30797838
way 21560471
way 33343519
way 25640032
way 38330273
way 26524780
way 24218643
way 23107683
way 26485138
way 40246122
way 25336974
way 28388284
way 23960701
way 34597663
way 23960703
way 42751896
way 23108212
way 26346887
way 11970217
way 23058813
way 26779323
way 24822367
way 37143569
way 26346938
way 26346939
way 26779060
way 28427935
way 26779062
way 34597665
way 11969944
way 23960669
way 23960668
way 39976272
way 23960671
way 23960665
way 23960664
way 27318165
way 24820047
way 26308007
way 23108182
way 23960666
way 23960663
way 23057951
way 35676768
way 23115553
way 35676769
way 23115556
way 27157979
way 24820028
way 26815443
way 23150634
way 26815445
way 26815444
way 26815446
way 24837673
way 23115572
way 26008536
way 23115573
way 24566304
way 23108152
way 27339512
way 23115581
way 42751953
way 25653977
way 42751954
way 26827768
way 26822397
way 26822396
way 26308084
way 23115526
way 11970257
way 25006357
way 23115529
way 24837648
way 23115531
way 23241487
way 23115534
way 28010693
way 25362162
way 23115537
way 27157743
way 25362160
way 25362161
way 24806415
way 26166774
way 24511756
way 35676764
way 23879441
way 24854790
way 35676767
way 24511734
way 41890046
way 24806395
way 24511735
way 23108321
way 23661035
way 24511732
way 39975395
way 24511733
way 23108323
way 28303659
way 24511730
way 27157530
way 23661036
way 40217824
way 28303658
way 24511728
way 25360133
way 24511729
way 24511742
way 24511741
way 25361422
way 24511739
way 24511736
way 24511737
way 28303678
way 24011004
way 24511715
way 24011003
way 28002108
way 24511713
way 26827790
way 24511726
way 24511727
way 26249226
way 24511724
way 26249227
way 24511725
way 24511723
way 29440095
way 24511721
way 28005899
way 23057662
way 23960521
way 24988888
way 11970067
way 28005900
way 23898315
way 24988885
way 24988884
way 24988886
way 28303619
way 37022874
way 23960532
way 28002577
way 23960534
way 23960530
way 27138849
way 26821977
way 23108256
way 19781612
way 26627415
way 26821979
way 23108258
way 19781614
way 25361734
way 37141747
way 19781605
way 23108264
way 26822227
way 26822226
way 19781606
way 26822228
way 27392115
way 24916904
way 24820143
way 24916905
way 27318134
way 23970235
way 24916906
way 26644300
way 24916903
way 23108283
way 23150725
way 23108229
way 23150728
way 28002112
way 40217737
way 23960705
way 23107725
way 24404100
way 23107737
way 30080971
way 23057757
way 4303427
way 25307014
way 11947699
way 28834737
way 23057752
way 26796945
way 23463791
way 26191749
way 26796946
way 26191748
way 27294635
way 23463789
way 23463798
way 40968289
way 24286049
way 26618757
way 23463797
way 26618754
way 26618755
way 11949231
way 24062837
way 28834729
way 28834216
way 24286032
way 19791113
way 30080994
way 11951770
way 26779061
way 40968284
way 26346940
way 28834713
way 28836246
way 23935810
way 23935836
way 27569045
way 26312617
way 26312616
way 26354603
way 27032994
way 26354605
way 35553886
way 35553885
way 11968766
way 26571225
way 26571224
way 28837877
way 26571226
way 25789894
way 24482597
way 28830694
way 24593189
way 23935807
way 19781499
way 19750773
way 19750775
way 19750774
way 28837859
way 30080919
way 27013058
way 9554160
way 26393590
way 40456717
way 9554165
way 28834258
way 23898379
way 9554166
way 25355243
way 55681848
way 25171946
way 25102611
way 25355244
way 26347005
way 23464212
way 13719207
way 24511744
way 9554151
way 28834752
way 26313194
way 24286477
way 19752367
way 26348816
way 28834613
way 24218610
way 23472618
way 26394396
way 28830521
way 28303679
way 25196305
way 28836640
way 19752372
way 28830510
way 26394382
way 28830507
way 19752368
way 31515517
way 19752370
way 25307426
way 28830487
way 24737755
way 24737757
way 28834579
way 25171750
way 25307428
way 11968529
way 28303618
way 26348863
way 24482778
way 26394400
way 26393381
way 28834569
way 26142543
way 28830582
way 13289480
way 19781609
way 19781608
way 30446358
way 19781611
way 19781610
way 19781604
way 19781607
way 26325851
way 40136360
way 19753440
way 40136361
way 26325852
way 13289477
way 27318127
way 24916908
way 24916909
way 19723261
way 56150409
way 28834661
way 28837731
way 28834667
way 11968619
way 37120235
way 28837734
way 24286125
way 13289493
way 26142545
way 39215798
way 24286099
way 28837725
way 23714179
way 24950160
way 26629498
way 28834651
way 26629497
way 26325856
way 43193958
way 24062868
way 26313581
way 14336036
way 11969608
way 26313582
way 13252042
way 26325649
way 24539767
way 26325648
way 11954612
way 26325651
way 13252041
way 13252047
way 26325652
way 13252044
way 13252045
way 26524828
way 13252034
way 13252035
way 26325656
way 13252032
way 23884902
way 13252036
way 13252037
way 45892010
way 11968928
way 28834478
way 26664076
way 26325643
way 26350216
way 26325642
way 26350217
way 23900784
way 26325645
way 26325646
way 26779324
way 26779325
way 26779326
way 23894597
way 23894598
way 31520460
way 28836501
way 23894595
way 23900766
way 28838026
way 25207482
way 25207484
way 25207485
way 25037891
way 28834953
way 26335440
way 4856075
way 28834547
way 23894570
way 45983739
way 24537649
way 11950590
way 26629854
way 28830974
way 28834558
way 24285752
way 25182413
way 13251973
way 28830968
way 28834535
way 24537639
way 25653973
way 25653972
way 24537634
way 28836588
way 26796749
way 24537635
way 28830946
way 24537632
way 26796750
way 45009908
way 23894583
way 24537642
way 24537643
way 25653978
way 45009907
way 26335439
way 24537641
way 13252010
way 28830935
way 19752015
way 23472645
way 11948498
way 11858385
way 11858387
way 24537631
way 19781188
way 13252006
way 46244780
way 19781187
way 26484987
way 25680630
way 13252027
way 13252024
way 13252025
way 27383508
way 13252031
way 13252028
way 13252019
way 26496237
way 28838081
way 13252016
way 26312427
way 19752017
way 11969994
way 13252023
way 19752019
way 13252020
way 10158875
way 10158874
way 10158873
way 27157528
way 10158876
way 23898341
way 28834877
way 49394555
way 24286457
way 49394554
way 24511738
way 19781280
way 19781282
way 24286461
way 28830757
way 26327554
way 19754169
way 9398555
way 9556228
way 9398551
way 28830767
way 9398550
way 28830765
way 23898359
way 28834858
way 28834345
way 23108289
way 9673522
way 10158906
way 23464133
way 9673520
way 28834324
way 25102554
way 9673526
way 24988891
way 23108294
way 9673524
way 23913163
way 25102551
way 10158899
way 10158898
way 25102550
way 26614332
way 25102549
way 9673528
way 25102548
way 26312765
way 28834331
way 26312767
way 24827093
way 26312766
way 19754140
way 19781279
way 23466709
way 19754138
way 28834304
way 9673515
way 9673514
way 9673513
way 10158880
way 9673512
way 25990192
way 28834315
way 25222207
way 26720342
way 24781497
way 25168455
way 28836468
way 28834425
way 26312768
way 28834403
way 26420811
way 26420810
way 11968877
way 25306206
way 11968854
way 25034911
way 23900814
way 28834386
way 45898069
way 26644092
way 28303429
way 28834396
way 26644090
way 26644091
way 26644089
way 24772235
way 25358454
way 37117376
way 28834368
way 28837956
way 28424138
way 28853250
way 28834620
way 28834666
way 25357953
way 27712421
way 25998725
way 25357961
way 46509258
way 25357965
way 28424865
way 28427427
way 28424866
way 32453883
way 28427428
way 25357972
way 32453878
way 27712442
way 32155380
way 35575868
way 35575869
way 27712394
way 28424863
way 23960670
way 23823959
way 27712409
way 28739826
way 28429565
way 28429566
way 35916395
way 35916406
way 37114976
way 33879128
way 33879129
way 32456369
way 27817672
way 28010698
way 34959735
way 33879142
way 27817674
way 28010696
way 27712453
way 28427223
way 35023984
way 28427222
way 28010700
way 28427224
way 34959740
way 37114975
way 35580788
way 34959742
way 34959737
way 34959736
way 23824134
way 34959739
way 34959738
way 35023974
way 27712470
way 35023975
way 35023973
way 32594309
way 25196535
way 32594310
way 35023982
way 35023983
way 32157328
way 35023980
way 35023981
way 35023978
way 35023979
way 35023976
way 35023977
way 23036895
way 35024020
way 29281849
way 23824102
way 32154469
way 34959745
way 34959744
way 35024000
way 32456312
way 32594281
way 32594282
way 27843124
way 32153975
way 28518163
way 28518162
way 32453708
way 32453707
way 32453705
way 32453704
way 35023793
way 32453703
way 32453702
way 32453700
way 31522640
way 28424709
way 28424711
way 25357880
way 35024043
way 32521520
way 32153387
way 32454190
way 35024080
way 27877998
way 32116000
way 28427105
way 35024079
way 35996158
way 25357922
way 28002125
way 34988281
way 28427103
way 32115994
way 32115995
way 32115993
way 32115998
way 32115999
way 28427335
way 32115996
way 32115997
way 28427334
way 28427337
way 28427336
way 32115987
way 28002130
way 32115985
way 28002128
way 25357945
way 33889017
way 32115991
way 32115988
way 33889019
way 32115989
way 33889018
way 27712422
way 45173168
way 25197442
way 27712420
way 27712418
way 27712419
way 27712417
way 27712430
way 27712431
way 27712428
way 46603213
way 27712429
way 27712424
way 27712425
way 27712436
way 27712434
way 27713715
way 27712435
way 27712432
way 27712446
way 27712444
way 44424122
way 27712441
way 32510417
way 27712388
way 27712389
way 27712387
way 27712385
way 27712398
way 27712396
way 27712393
way 25211824
way 27712407
way 32510402
way 27712404
way 27712402
way 27712403
way 27712400
way 25207223
way 27712414
way 27712413
way 27712410
way 27712408
way 45172720
way 28739828
way 45172722
way 28739827
way 44424416
way 25207238
way 46267526
way 25207239
way 25207240
way 25211849
way 28739836
way 28739837
way 25207244
way 25207245
way 44424437
way 33483182
way 45172704
way 33236906
way 33879125
way 45172707
way 45172708
way 45172710
way 44424434
way 25207256
way 25207258
way 45172714
way 45172717
way 25207260
way 44424441
way 45172716
way 32510381
way 27712454
way 27712455
way 27712452
way 27712450
way 25207268
way 46603426
way 25207270
way 25207271
way 27712449
way 27712462
way 25571311
way 27712460
way 27712461
way 27712458
way 27712459
way 45173185
way 27712471
way 27712468
way 59486456
way 27712465
way 27712478
way 27712475
way 25207294
way 25207295
way 27712473
way 25207296
way 43363089
way 25207301
way 43363088
way 25207302
way 25207303
way 24146935
way 43363090
way 46603343
way 33504882
way 33504881
way 33504880
way 33504878
way 33504877
way 25207318
way 36986284
way 36986285
way 25207326
way 36986260
way 46603111
way 46422885
way 36986257
way 46422882
way 36986258
way 46422883
way 36986259
way 27712266
way 25207341
way 33237078
way 44424213
way 46269194
way 46269197
way 27712383
way 33236769
way 46602778
way 25211758
way 25207361
way 46505895
way 25207362
way 25207363
way 27711650
way 25197669
way 25197542
way 46506498
way 25207367
way 25207368
way 25197546
way 46505902
way 46506504
way 25207376
way 25197649
way 25207349
way 46506493
way 25207352
way 25207354
way 25207355
way 25197659
way 25197630
way 33483169
way 27711545
way 27711654
way 27711652
way 27711651
way 27711648
way 27711662
way 27711663
way 27711661
way 27711659
way 27711656
way 27711657
way 27711671
way 27711668
way 27711669
way 27711666
way 27711667
way 27711664
way 27711679
way 27711676
way 27711674
way 27711622
way 27711623
way 27711685
way 27711621
way 27711618
way 27711619
way 27711683
way 27711630
way 27711692
way 27711690
way 27711691
way 27711624
way 27711625
way 27711702
way 27711700
way 27711701
way 27711699
way 27711632
way 27711633
way 27711646
way 27711644
way 27711645
way 27711642
way 27711643
way 27711704
way 27711640
way 46269685
way 26459666
way 26459537
way 26459665
way 26459536
way 26459670
way 26459669
way 26459674
way 26459672
way 26459677
way 26459653
way 26459534
way 26459532
way 26459443
way 26459572
way 26459451
way 26459450
way 26459578
way 26459576
way 26459582
way 26459453
way 26459581
way 26459680
way 26459687
way 26459558
way 26459556
way 26459684
way 26459561
way 26459475
way 26459474
way 26459602
way 26459601
way 26459473
way 26459600
way 26459478
way 26459605
way 26459483
way 26459482
way 26459481
way 26459614
way 26459486
way 26459612
way 26459459
way 26459595
way 26459466
way 26459468
way 26459505
way 26459632
way 26459639
way 26459511
way 26459510
way 26459518
way 26459644
way 26459618
way 26459495
way 26459499
way 26459626
way 26459624
way 26459501
way 309572275
way 349607501
way 46347394
way 47309680
way 37436528
way 46248156
way 24795060
way 222050365
way 61328806
way 226278776
way 226278777
way 226278772
way 226278773
way 226278774
way 37071038
way 108255487
way 226278771
way 34567839
way 35546255
way 180278444
way 561778155
way 36005688
way 42349336
way 120186251
way 810521195
way 294477989
way 294477988
way 293721515
way 294561573
way 294477990
way 34567716
way 294561570
way 61328523
way 293721517
way 34567715
way 216389832
way 293721516
way 34567842
way 294477987
way 34567841
way 34567840
way 222774007
way 68612645
way 42302897
way 294658725
way 37069696
way 212726676
way 291967582
way 294568014
way 297756927
way 37069687
way 365579017
way 216389793
way 380722679
way 106670748
way 380722680
way 61417571
way 380722683
way 380399207
way 42301001
way 319124297
way 810522882
way 380722684
way 810517278
way 810517277
way 810517276
way 810517274
way 810517273
way 810517272
way 349413002
way 380399223
way 188245605
way 24651283
way 24651284
way 390539306
way 24651286
way 348330807
way 108255494
way 108255493
way 135206137
way 226311050
way 135206776
way 216389789
way 135206775
way 349417898
way 488727387
way 135206133
way 549332804
way 349295915
way 349417901
way 226278787
way 380937469
way 1015834758
way 380937470
way 26994132
way 34567711
way 85932363
way 422397499
way 225613674
way 109799509
way 193121442
way 193121443
way 86594947
way 166268995
way 380937503
way 374922485
way 110422564
way 36004885
way 85931950
way 85931948
way 85931946
way 418058716
way 1013455632
way 419651450
way 135206132
way 290375091
way 355163542
way 85865995
way 289288550
way 292870204
way 170836103
way 289288551
way 214351055
way 388727669
way 810488977
way 380413660
way 63786168
way 426815014
way 192915593
way 63744602
way 148378419
way 356639261
way 170582314
way 158036394
way 63099777
way 63100742
way 65410721
way 582457470
way 131830225
way 158036389
way 108249383
way 108249382
way 63685138
way 148428167
way 65410694
way 1006606361
way 147567651
way 147571488
way 459336912
way 65410710
way 1006612110
way 459334545
way 459336915
way 459334548
way 459336917
way 238216714
way 459336920
way 238216713
way 356639290
way 63100793
way 65410712
way 201543875
way 986978128
way 986978129
way 30495380
way 986978130
way 260382798
way 252925214
way 161937768
way 370462234
way 254668258
way 26197407
way 194214411
way 338531829
way 194214410
way 810851853
way 194214409
way 986978126
way 194214408
way 338531830
way 986978127
way 25942870
way 252925197
way 30495375
way 195185213
way 810851851
way 120682259
way 47848184
way 120682258
way 254598159
way 920717576
way 592864440
way 194172192
way 592863330
way 252925223
way 254313244
way 496607660
way 953135610
way 592863328
way 808436121
way 254313247
way 194123114
way 332164724
way 808468299
way 299000878
way 254598160
way 238876354
way 807590498
way 807590499
way 230493788
way 265081704
way 807590502
way 807590500
way 807590501
way 192161182
way 543682155
way 431439865
way 79847827
way 807593176
way 230493766
way 252911638
way 253085661
way 192265855
way 422719486
way 292243463
way 891493038
way 422719484
way 422719485
way 228155017
way 228155019
way 252911649
way 795321203
way 262244053
way 262244052
way 124267505
way 264165186
way 264165185
way 188559180
way 261630540
way 261630541
way 261630548
way 891421663
way 325406818
way 451782501
way 451782500
way 698180115
way 451782499
way 698180114
way 256098008
way 154804902
way 208670446
way 194277301
way 194277302
way 194277303
way 208673107
way 308642881
way 308642882
way 208947422
way 194277304
way 194277305
way 194277306
way 641948019
way 641948018
way 209045060
way 641948017
way 209045056
way 641948021
way 641948020
way 282890212
way 282890213
way 282890214
way 325406814
way 282890211
way 208670386
way 60826213
way 749172449
way 422547172
way 338941309
way 209044903
way 325405879
way 618374153
way 60826229
way 529604164
way 947839912
way 642268703
way 529604425
way 947839911
way 208532788
way 308642879
way 308642878
way 947839909
way 590162289
way 209044904
way 60826434
way 1012752184
way 1012752183
way 208838687
way 749165910
way 215108256
way 529596011
way 749165914
way 364235413
way 731259063
way 731259060
way 731259480
way 731259481
way 398481455
way 398481456
way 986689214
way 955464865
way 92112431
way 946818780
way 398481460
way 398481466
way 946818773
way 946818771
way 93573839
way 946818770
way 946818769
way 93573837
way 68892954
way 68892953
way 111495415
way 68892952
way 111495408
way 291435330
way 291435331
way 155326017
way 998982799
way 696650383
way 867467428
way 143965828
way 867467424
way 867467425
way 867467426
way 867467427
way 75391081
way 143965827
way 673432122
way 618268608
way 446400641
way 446400645
way 144024757
way 144024759
way 144024758
way 358429048
way 139580534
way 235330849
way 358429045
way 139580536
way 358429044
way 867467423
way 813394000
way 358429046
way 75391058
way 673432079
way 144024760
way 119209002
way 813393999
way 813393998
way 108799810
way 111429348
way 108799805
way 526985773
way 446455258
way 698965743
way 526985774
way 446455259
way 108799797
way 60051416
way 143444674
way 435491770
way 60041157
way 131894414
way 60041158
way 131894415
way 293930706
way 293924317
way 293924319
way 545047072
way 60051400
way 698965748
way 222154339
way 133484436
way 173260849
way 791532367
way 618011570
way 133484433
way 618011568
way 133484434
way 87978584
way 133484435
way 143609319
way 59865337
way 59865336
way 143609315
way 143609314
way 538205541
way 538205539
way 142536967
way 144135147
way 242045713
way 144135146
way 584181328
way 61888823
way 61888824
way 705396870
way 668901195
way 123630022
way 901352737
way 611134964
way 901352738
way 123630021
way 698965768
way 152646331
way 698965773
way 152646332
way 986553451
way 698965775
way 698965774
way 611121090
way 611121091
way 255005827
way 169565353
way 107031251
way 374739938
way 107031252
way 156612067
way 169565356
way 159513914
way 448012815
way 107031261
way 107031260
way 159513918
way 380240744
way 380240751
way 155169271
way 112401528
way 380240740
way 111427703
way 111427698
way 380240754
way 380240753
way 416610825
way 143965812
way 107605385
way 446400635
way 143965813
way 446400632
way 446400638
way 143965811
way 156612029
way 143965822
way 446400625
way 110889841
way 446400629
way 143965818
way 98864659
way 107605393
way 325688979
way 323081149
way 497876652
way 439898394
way 110889758
way 75428252
way 527535235
way 497876650
way 376672314
way 376672313
way 379104052
way 1005905112
way 422786750
way 111394211
way 76607889
way 600906320
way 1006841344
way 111394213
way 111394212
way 965031181
way 116024544
way 422786749
way 92063347
way 92063342
way 965031187
way 727815927
way 478177174
way 727815926
way 370307338
way 727815929
way 478177177
way 727815928
way 370307336
way 727815931
way 370307337
way 478177180
way 478177181
way 478177182
way 279543049
way 439898396
way 372700944
way 116387910
way 439898388
way 683497104
way 116350530
way 116387905
way 439897099
way 600906087
way 765197091
way 704779322
way 439897089
way 765197090
way 370320809
way 763332932
way 123938648
way 704779327
way 618482972
way 352989640
way 704779328
way 618482975
way 618482974
way 704779329
way 65082789
way 113276933
way 65082788
way 618482971
way 111331051
way 704779339
way 120944764
way 830825545
way 242035232
way 352989639
way 153164271
way 830825546
way 242035234
way 704779341
way 75848405
way 153164272
way 765200965
way 587654503
way 727815939
way 120946262
way 727815938
way 726888117
way 492652091
way 492652085
way 492652084
way 891381963
way 492652086
way 492652081
way 618011576
way 492652083
way 587654504
way 492652082
way 587654505
way 77825747
way 96494646
way 717913651
way 1008933215
way 618482977
way 618482976
way 404770653
way 618482979
way 618482978
way 93904282
way 723989284
way 302971405
way 137718833
way 723989283
way 943341631
way 723989282
way 723989280
way 214788290
way 315805376
way 296067505
way 248054493
way 217138404
way 187983663
way 243652250
way 648071808
way 140237947
way 140237949
way 564639116
way 564639115
way 28020121
way 28020120
way 655410984
way 723989279
way 93904290
way 294929838
way 723989276
way 723989275
way 93904294
way 851560065
way 207598623
way 315805331
way 43508438
way 120435567
way 851560067
way 302971463
way 973060529
way 52249417
way 315805319
way 591398678
way 315805317
way 315805320
way 591398682
way 50096803
way 214788269
way 727824129
way 972248467
way 727824128
way 655209324
way 591398690
way 315805360
way 655209327
way 727815941
way 655209321
way 647244528
way 655209320
way 727815943
way 655209323
way 315805365
way 727815942
way 655209322
way 41206300
way 90837250
way 727815949
way 315805373
way 727815950
way 727815953
way 727815952
way 727815954
way 727815957
way 315805351
way 99826054
way 727815956
way 727815958
way 363958730
way 647244527
way 636893578
way 207598626
way 207598625
way 207598624
way 810438863
way 70722740
way 99826042
way 476866784
way 109505032
way 263643960
way 263643961
way 810438870
way 109505052
way 810438868
way 106957563
way 810438869
way 810438867
way 810438864
way 970140027
way 315805307
way 131306361
way 518367816
way 315805308
way 723719059
way 723719058
way 723719057
way 723719056
way 723719061
way 723719060
way 444289729
way 444289728
way 638132928
way 661680032
way 993481701
way 217499694
way 479209546
way 43577925
way 43586168
way 527269769
way 661680021
way 661680022
way 661680025
way 993481693
way 40592001
way 661680027
way 661680029
way 727822223
way 661680030
way 70722777
way 661680031
way 727822224
way 727822226
way 612073601
way 612073600
way 547055003
way 41268087
way 199353064
way 140811624
way 48802788
way 48802789
way 137887014
way 188703276
way 140811639
way 180852690
way 140811634
way 140811645
way 140811647
way 674298156
way 140811640
way 137887017
way 140811642
way 140297538
way 140811643
way 99856594
way 655420979
way 107197248
way 655420982
way 655420983
way 655420984
way 655420985
way 655420986
way 655420987
way 655420988
way 518383561
way 1009106198
way 231369971
way 655338063
way 326344241
way 759204867
way 759204868
way 1016392156
way 76869085
way 76869087
way 108588841
way 115704759
way 115704758
way 319608409
way 655338073
way 131748493
way 415636881
way 610035975
way 416457102
way 416457103
way 24627241
way 655338064
way 363962577
way 140297528
way 686857622
way 862632450
way 966221054
way 862632451
way 966221053
way 140297526
way 340403489
way 140297527
way 966221052
way 966221051
way 966221050
way 140297523
way 767534286
way 767534285
way 767534284
way 553067916
way 41148407
way 41148406
way 340318659
way 340318660
way 140237269
way 140237258
way 443658208
way 41958163
way 727815924
way 19830965
way 26144786
way 727824125
way 26144784
way 340331991
way 727824127
way 19830961
way 727824126
way 723233465
way 723233464
way 444295128
way 120433288
way 37685146
way 612072924
way 444295123
way 444295122
way 444295121
way 444295125
way 444295124
way 444291019
way 463092270
way 319062705
way 656334500
way 656334501
way 40014753
way 40014757
way 753418534
way 941390284
way 751250710
way 941390280
way 763314344
way 763314343
way 941390277
way 763314336
way 537206245
way 537206244
way 537206247
way 140811654
way 140811655
way 537206241
way 140811648
way 537206240
way 537206243
way 140811650
way 537206242
way 140811651
way 537206253
way 140811661
way 537206249
way 375581582
way 140811656
way 667104815
way 537206248
way 375581580
way 143897981
way 140811659
way 159547506
way 564638807
way 648041297
way 159547507
way 564638806
way 564638805
way 564638804
way 667104816
way 537206257
way 119312104
way 340318654
way 564638815
way 207468964
way 564638814
way 564638813
way 264966704
way 1006841336
way 564638812
way 564638811
way 564638810
way 207468963
way 564638809
way 40014749
way 564638808
way 24510327
way 765385624
way 765385625
way 363780005
way 363780002
way 93895565
way 25891742
way 39950454
way 371595327
way 340321897
way 340335211
way 111271052
way 683497101
way 363779999
way 683497100
way 131748334
way 202763817
way 202763819
way 371749986
way 693581575
way 693581574
way 155434769
way 92316631
way 693581576
way 371595332
way 347341527
way 371749964
way 371749965
way 371595328
way 371595329
way 656323958
way 43888877
way 41072641
way 299958163
way 340332093
way 929293594
way 131748257
way 44982330
way 135111316
way 143897102
way 135111314
way 203214525
way 41173207
way 131748222
way 534496627
way 496084792
way 135111329
way 340392696
way 755233718
way 444300494
way 340393719
way 340392695
way 288197612
way 140294808
way 140294810
way 703052587
way 301932335
way 301932333
way 137884387
way 301932331
way 301932329
way 875073225
way 40016014
way 165720846
way 40016019
way 371128557
way 41067654
way 41428108
way 41428109
way 41067655
way 44029030
way 41424002
way 134132995
way 318630912
way 41067660
way 538991326
way 131726558
way 41428339
way 75451236
way 75451235
way 75451234
way 75451233
way 527093877
way 489805339
way 489805338
way 489805340
way 40001881
way 227846824
way 227846825
way 227846826
way 227846827
way 24518203
way 340335364
way 942867299
way 41424169
way 553016228
way 483272603
way 942867301
way 942867300
way 264965270
way 264965269
way 361590483
way 831104745
way 831104744
way 144398330
way 144398334
way 144398333
way 722583675
way 923139188
way 638188920
way 219399777
way 375401748
way 638188925
way 923139187
way 638188926
way 192131087
way 726858967
way 131726431
way 726858968
way 511051258
way 830844424
way 655415428
way 655415429
way 655415430
way 133136504
way 655415431
way 324740300
way 217355116
way 282484556
way 293961246
way 763307744
way 318656862
way 763307743
way 763307742
way 763307741
way 444301785
way 763307740
way 62094352
way 131712125
way 763307739
way 763307738
way 763307737
way 763307736
way 721627307
way 763307735
way 763307734
way 721627306
way 763307732
way 763307731
way 763307730
way 763307729
way 763307728
way 340318200
way 430814745
way 430814744
way 340332542
way 430814741
way 541109243
way 430814742
way 541109244
way 340318198
way 340318199
way 62094348
way 655315151
way 507091440
way 125583539
way 507091433
way 324568200
way 507091434
way 324568203
way 507091439
way 507091438
way 183004466
way 183004467
way 183004469
way 183004470
way 655315152
way 444302747
way 161018491
way 726859959
way 444302748
way 144161662
way 70722526
way 144161661
way 39988616
way 144161660
way 144161658
way 144161657
way 41151900
way 538993623
way 120780997
way 538993624
way 495963764
way 749087581
way 340343735
way 41426744
way 41426746
way 29561953
way 363765803
way 41426734
way 426990837
way 535461139
way 41425573
way 119585549
way 457811238
way 719286494
way 452274424
way 239863388
way 27112588
way 525325147
way 210369427
way 525325141
way 210369428
way 68193072
way 516915174
way 310350420
way 310350419
way 310350418
way 310350417
way 310350415
way 146840562
way 89758565
way 147103877
way 670944444
way 114134664
way 402780489
way 776239114
way 181500063
way 181500037
way 239863321
way 518317498
way 173435959
way 107346438
way 151515233
way 139588407
way 304484942
way 340322337
way 304484940
way 173435962
way 107346442
way 131724974
way 549123778
way 90658328
way 397653811
way 217355125
way 397653810
way 430610734
way 97508682
way 430610735
way 528236537
way 528236538
way 528236539
way 181671515
way 50506644
way 648823098
way 90517757
way 430610738
way 430610739
way 517493826
way 430610737
way 517493827
way 487598769
way 516914542
way 243864106
way 181566324
way 128747014
way 317663043
way 239863267
way 91267272
way 317662549
way 683497084
way 363951218
way 239863177
way 91267254
way 683497083
way 683497079
way 165909801
way 683497078
way 137555682
way 135797961
way 170463739
way 825406432
way 304484594
way 137555684
way 239863446
way 993481686
way 993481685
way 993481684
way 993481683
way 1001252936
way 993481682
way 1001252938
way 993481680
way 517493823
way 137555675
way 225311364
way 1001252935
way 122410657
way 1001252934
way 137555678
way 967939935
way 95910489
way 107211159
way 993481679
way 118974952
way 92785414
way 185762707
way 185762705
way 92785410
way 111094042
way 41592170
way 26402946
way 118136857
way 118136862
way 118136860
way 92785424
way 118136851
way 512332307
way 189827915
way 883887667
way 118136852
way 68447412
way 159544871
way 575465194
way 92388267
way 159544872
way 118134880
way 92388399
way 92388334
way 512332280
way 568775573
way 26403754
way 68461166
way 68501864
way 689948768
way 26402769
way 26393601
way 26394112
way 26394370
way 831261788
way 791119811
way 116355760
way 79031460
way 82771867
